[
  {
    "id": "être",
    "conjugators": [
      {
        "tense": "PAST",
        "conjugations": [
          {
            "person": "P1",
            "translations": [
              {
                "lang": "FR",
                "value": "j'étais"
              },
              {
                "lang": "DZ",
                "value": "kount"
              }
            ]
          },
          {
            "person": "P2M",
            "translations": [
              {
                "lang": "FR",
                "value": "tu étais"
              },
              {
                "lang": "DZ",
                "value": "kount"
              }
            ]
          },
          {
            "person": "P2F",
            "translations": [
              {
                "lang": "FR",
                "value": "tu étais"
              },
              {
                "lang": "DZ",
                "value": "kounti"
              }
            ]
          },
          {
            "person": "P3M",
            "translations": [
              {
                "lang": "FR",
                "value": "il était"
              },
              {
                "lang": "DZ",
                "value": "kaan"
              }
            ]
          },
          {
            "person": "P3F",
            "translations": [
              {
                "lang": "FR",
                "value": "elle était"
              },
              {
                "lang": "DZ",
                "value": "kenet"
              }
            ]
          },
          {
            "person": "P4",
            "translations": [
              {
                "lang": "FR",
                "value": "on était"
              },
              {
                "lang": "DZ",
                "value": "kouna"
              }
            ]
          },
          {
            "person": "P5",
            "translations": [
              {
                "lang": "FR",
                "value": "vous étiez"
              },
              {
                "lang": "DZ",
                "value": "kountou"
              }
            ]
          },
          {
            "person": "P6",
            "translations": [
              {
                "lang": "FR",
                "value": "ils étaient"
              },
              {
                "lang": "DZ",
                "value": "kanou"
              }
            ]
          }
        ]
      },
      {
        "tense": "PRESENT",
        "conjugations": [
          {
            "person": "P1",
            "translations": [
              {
                "lang": "FR",
                "value": "je suis"
              },
              {
                "lang": "DZ",
                "value": "rani"
              }
            ]
          },
          {
            "person": "P2M",
            "translations": [
              {
                "lang": "FR",
                "value": "tu es"
              },
              {
                "lang": "DZ",
                "value": "rak"
              }
            ]
          },
          {
            "person": "P2F",
            "translations": [
              {
                "lang": "FR",
                "value": "tu es"
              },
              {
                "lang": "DZ",
                "value": "raki"
              }
            ]
          },
          {
            "person": "P3M",
            "translations": [
              {
                "lang": "FR",
                "value": "il est"
              },
              {
                "lang": "DZ",
                "value": "rahou"
              }
            ]
          },
          {
            "person": "P3F",
            "translations": [
              {
                "lang": "FR",
                "value": "elle est"
              },
              {
                "lang": "DZ",
                "value": "rahi"
              }
            ]
          },
          {
            "person": "P4",
            "translations": [
              {
                "lang": "FR",
                "value": "on est"
              },
              {
                "lang": "DZ",
                "value": "rana"
              }
            ]
          },
          {
            "person": "P5",
            "translations": [
              {
                "lang": "FR",
                "value": "vous êtes"
              },
              {
                "lang": "DZ",
                "value": "rakoum"
              }
            ]
          },
          {
            "person": "P6",
            "translations": [
              {
                "lang": "FR",
                "value": "ils sont"
              },
              {
                "lang": "DZ",
                "value": "rahoum"
              }
            ]
          }
        ]
      }
    ],
    "complements": [
      "PLACE",
      "ADJECTIVE"
    ],
    "type": "STATE"
  }
]